se_01,se_02,se_03,wb_01,wb_02,wb_03
0.684,1.4929,1.2791,0.2081,1.8698,1.2225
2.1489,1.8068,0.7093,0.6904,0.6269,0.8216
1.3351,0.969,1.6206,0.6779,1.7005,1.2908
-0.1941,-0.5501,-1.1727,-0.3075,-0.486,-0.4602
-1.0581,-2.2729,-0.763,-3.0624,-0.9641,-0.2515
1.4087,-0.0568,0.2825,0.1697,-1.4265,0.2471
0.4273,0.0653,-0.0076,1.4252,2.074,2.7968
-0.3199,0.4508,0.7372,1.0196,-0.3999,0.191
1.5216,1.4064,2.1538,-0.2866,0.3304,1.6007
2.3151,0.241,1.9193,1.3023,1.8584,0.7419
1.4747,0.5748,0.8641,-0.0133,1.3122,-0.1782
-0.7396,-0.4762,-0.7844,-0.5748,0.193,-0.0033
-1.8552,-1.5507,-0.9865,0.9551,1.1468,1.062
1.2294,1.6228,1.9491,1.2363,1.8858,1.0723
0.3543,0.2708,1.1819,-1.6853,-0.9668,-1.1214
1.0259,0.5626,0.9307,0.4462,2.1621,1.6583
-1.1619,-0.8557,-1.0334,0.5038,-1.6071,-0.2959
-0.9631,0.4222,0.0622,-0.7403,-0.4727,-0.7734
-1.352,-0.3335,-0.6772,0.961,-0.4411,-0.2339
-0.3709,-0.0404,-0.6554,-1.1611,-0.3559,0.3131
1.5702,0.8894,0.3146,0.1849,1.4971,0.1544
-0.5562,0.1863,-1.5791,0.2249,-0.65,-1.4593
-0.5715,0.6351,-1.0726,0.1837,0.2227,-0.4677
0.0044,-1.0403,0.6349,-0.684,0.9212,-0.001
0.1847,-0.0157,-0.4131,-0.518,-0.3326,0.6818
0.455,-1.5121,0.2632,0.2493,0.1309,1.1138
0.1272,0.4455,-1.1488,-0.4256,-0.6387,-0.816
-1.0231,0.9696,0.2193,2.1072,0.9716,2.7994
-1.1846,-0.2756,-0.3466,-0.9474,0.6194,0.5835
0.6619,0.2317,0.4021,0.3427,0.9571,-0.217
0.7375,0.3583,-0.399,-1.6764,-0.4984,-0.8982
0.626,0.8134,1.0448,-0.678,-1.3394,-0.3134
0.2501,0.3354,-0.2864,-0.8556,0.0381,-1.0264
1.3234,0.4757,0.1385,1.309,0.1474,0.6717
-0.304,-0.8603,-1.2348,-0.7799,0.1778,-0.5172
0.0885,1.6168,0.7135,-0.1198,1.3384,1.0466
-0.7411,-0.2089,0.0112,-0.7976,-0.8874,-2.0255
-0.4161,-0.7243,-2.1224,-0.9651,-0.1009,-0.5965
0.793,1.7832,0.8986,-0.7278,0.153,-0.4074
-0.4483,-0.4891,0.2446,0.5168,1.2374,0.7507
-0.3298,-0.8545,0.2775,-0.0094,1.2455,-0.8043
-0.8942,-1.7012,-1.2257,0.0667,-0.9117,-0.7716
-2.0061,-0.6796,-0.9633,0.3878,-0.3842,0.9374
-0.1383,0.1673,0.4408,1.1108,0.0513,0.9864
-0.7475,-0.0623,-0.7163,-0.1036,-0.6099,-1.5078
-0.412,0.7072,0.4809,-0.4173,-0.1995,-0.0321
1.3763,1.3669,1.4655,0.6108,1.4938,1.6639
-0.9497,0.2215,1.1609,-0.2546,-0.6521,0.2792
-0.255,-1.0721,-0.5117,-1.2049,-0.1887,-0.7654
1.7451,-0.3299,0.8483,-1.122,0.4485,0.5641
-0.0912,1.1031,0.4718,1.4272,1.9899,1.593
0.3424,0.2618,-0.8008,-0.6262,-1.5348,-0.5674
-0.282,-0.373,-0.2052,-1.8963,-0.9002,-1.7932
0.6997,0.5923,1.2495,1.2476,0.7678,0.8131
0.7356,2.3363,0.5853,1.2144,2.2287,0.7242
0.7886,0.7528,1.1267,0.2552,0.514,-0.0693
-0.3158,-0.1605,-1.8667,0.1261,0.6553,0.6582
-0.464,-0.5179,1.1287,1.7691,0.8929,1.2629
0.1036,-0.0579,0.3999,-0.1339,0.2355,0.098
0.4976,0.9297,1.0631,1.7339,0.7302,-0.5192
0.346,-1.2272,0.6913,-0.5961,-0.8118,-1.1733
-1.2473,-1.5279,0.474,-1.4866,-1.3892,-1.1908
-0.7008,-0.1162,-0.5187,-0.6972,1.3933,-0.8538
0.0735,-0.6396,-0.1777,-0.5807,-0.3489,-0.7723
0.9006,-0.9327,-1.0145,0.7002,0.7941,1.5926
1.0646,0.2761,1.0378,0.6108,0.3055,1.5298
-0.3417,-0.4523,-0.6607,0.0021,-2.0513,-0.9223
0.1788,0.8291,-0.4474,0.5775,-0.6268,0.0542
0.9577,0.2499,-0.1873,0.265,0.3226,0.0097
0.4132,-0.2795,0.9075,-0.1579,0.9856,-0.3764
-0.8716,0.1459,-1.396,0.1888,1.2117,-0.9622
-0.3539,-1.3926,0.2083,-1.3181,-0.8597,-1.422
2.9302,2.2231,1.5821,1.5083,1.2047,-0.1917
1.0066,1.7202,-0.0295,1.5972,0.4364,0.7297
1.3609,0.2307,-0.4623,0.7874,0.1052,1.7506
-0.0022,0.8381,0.7811,0.1215,1.7063,0.2077
0.1171,0.1501,1.2394,-0.939,0.0701,-0.6927
-1.1311,-0.6085,1.3344,0.0077,0.4119,0.9435
-0.0954,0.9016,-0.6283,0.1514,-0.1519,-0.2519
-0.7438,0.3316,-0.4109,-0.2385,-0.6649,-1.4574
-0.8303,0.5177,0.1596,-1.8444,-0.4877,-1.6146
1.3496,1.2105,0.7019,0.2021,1.7242,1.3053
-0.9503,-0.9505,-0.1832,-1.2416,-0.755,-1.2802
0.516,-0.83,0.6976,1.3999,0.8396,0.263
-0.6068,-0.2536,0.2431,0.3678,-0.2519,-0.6193
1.0629,1.4223,1.1356,1.3154,1.5844,0.2811
0.9995,-1.4631,0.3103,0.2562,0.9349,0.0143
-0.1616,0.0136,-0.8639,0.4907,0.7839,0.8465
0.5627,0.7156,1.2881,0.0572,-0.2059,-0.6265
-0.2055,0.8211,-0.5038,-1.5501,-2.1644,-0.954
0.1635,0.0881,0.5481,0.2286,0.2203,1.1807
-0.897,-1.0051,-0.621,1.1413,0.5739,1.283
-0.9807,-0.2908,-0.0744,0.2265,-0.5276,0.9216
-0.1674,0.0653,-1.9118,0.2189,-1.2813,-0.872
-0.2269,-1.5282,-1.2046,0.3812,-0.559,-0.1923
0.2074,-1.2676,-1.2081,-1.476,-0.5434,0.6188
0.7319,0.5033,0.246,1.5085,1.2198,1.0015
1.7882,3.2613,1.6478,-0.6766,-0.1497,-0.5553
0.7632,0.6597,0.6645,0.0058,1.0857,0.2178
0.1224,0.8973,-1.1479,1.0152,1.6417,1.0222
-0.2955,-1.3155,-0.8245,-0.2577,-1.4756,-1.4409
1.2576,0.9083,0.7995,0.5314,-0.3792,0.1159
-1.2324,-1.8218,-2.587,-0.8522,0.5116,-0.8592
-0.2263,0.543,0.0599,0.0905,0.2226,-0.0715
-0.772,-0.0113,0.799,-0.7533,-0.9801,-0.9476
-1.6442,-0.8479,-0.318,0.3734,0.157,2.0798
1.4314,1.3411,2.1801,-0.7736,0.6255,-0.1797
-2.0164,-1.7397,-2.217,-0.372,-0.0418,-0.5223
-0.0815,-0.3131,-0.9001,-1.0438,0.9588,0.4282
0.0486,0.5445,-0.412,0.0856,0.574,0.3512
0.6432,-0.0697,0.7086,1.4709,0.5845,0.3237
-0.6587,-1.3101,-0.0162,-1.5351,-2.3705,-1.958
-1.2723,-0.0813,-1.1466,-2.1705,-2.302,-1.5865
-1.7709,-1.0436,-1.7739,0.4584,-0.132,-1.097
-0.6753,0.0704,-0.2655,1.0317,0.0544,-0.078
0.5857,0.3017,-0.6615,0.5591,1.3256,1.2687
1.2421,-0.9655,0.0735,-0.1211,0.5424,0.6018
-0.0137,-1.5776,0.0693,-0.211,0.6302,0.4061
0.4378,0.8611,0.2265,-1.0663,-1.1356,-1.3165
-0.1388,0.9869,-0.1304,0.3202,-0.447,0.7843
-0.2368,0.8049,-0.8133,1.2498,2.1047,1.7628
-0.3576,0.5995,0.4713,0.6249,-0.8937,-0.1359
-0.446,-1.6241,-1.8861,-0.3892,-0.4191,-0.6374
-0.6539,-2.2064,-0.6465,1.5257,0.3704,1.5835
0.1745,0.0587,-0.0648,0.6885,1.5819,0.1541
-0.3252,0.0616,-1.3314,0.1229,0.8154,0.1158
-0.5574,-0.8669,-1.0422,1.5753,0.8885,0.7297
0.7637,-0.1555,-0.2884,-3.3681,-2.3741,-1.8523
-0.0112,0.3809,-1.1332,-1.6592,-1.2797,-1.5277
0.9142,0.4397,-0.1598,0.3223,1.0994,0.9204
0.743,0.2028,0.5212,-0.6803,-1.2016,-1.3036
-0.6791,-0.7869,0.0751,0.7879,0.7377,0.2068
-0.1233,-0.0485,-0.0255,-1.0602,-0.1988,-0.1998
-1.882,-2.0265,-3.0109,-2.137,-1.8822,-2.8485
-0.5329,0.292,-0.8176,-0.6025,-0.236,0.27
-0.43,0.7766,0.4145,-1.5264,-0.9557,-0.9574
-1.8886,-2.1861,-2.3303,-1.4816,-1.4161,-1.0518
1.2835,-0.3677,0.3608,1.3489,-0.2509,0.1065
0.1216,0.5922,-0.0634,0.3556,-0.1783,-0.4551
0.3863,0.5687,0.7865,-0.7308,-0.7862,-0.2829
0.5971,-1.0082,-0.2711,-0.9111,-0.95,-0.8113
2.5275,2.6091,1.7088,-0.2152,-0.7524,-1.2406
1.1344,0.6327,1.984,0.6526,2.0229,1.8883
-1.4267,-1.2164,-1.6352,-0.0117,0.1851,-0.3559
-0.415,-0.2418,-0.0247,-0.5373,0.457,-0.205
-0.8825,-0.0363,-0.6523,-0.4199,-0.4627,0.5511
0.0336,-0.1783,0.2366,0.6377,0.4951,0.4103
0.2138,-0.3608,-0.2243,-1.2757,0.7131,-2.3594
0.7588,-0.5602,0.9859,1.0309,1.6514,0.7338
0.6796,0.6929,0.3596,0.2052,0.6133,0.064
-2.2182,-1.627,-2.3275,-1.5217,-0.5839,-1.957
0.5611,0.5895,0.8147,0.4027,0.8761,0.4027
-1.1723,-0.0754,-0.6102,0.2606,-0.914,0.012
-0.7494,0.841,0.3156,0.3753,0.363,0.7232
0.106,0.9875,0.9295,-0.575,-1.0825,-0.6403
0.2709,-0.2969,-0.3184,0.5891,-0.568,0.0718
1.028,2.8826,1.6951,2.5089,2.0399,3.0501
0.2107,0.3815,0.7183,0.3649,-0.8679,0.2774
1.0909,-0.3285,0.3121,-0.3661,1.6426,-0.9806
0.6173,-0.0256,0.5912,-1.038,-0.1567,-1.5092
2.706,2.2111,1.5397,0.1276,1.266,1.2716
1.9385,0.7487,1.3383,0.8369,-0.4325,-0.0914
1.1669,1.2339,1.3086,1.9113,2.1419,2.0483
0.1485,-0.0062,0.6477,0.9985,1.5813,-0.0949
0.7402,0.5903,0.9072,0.3979,0.1389,-0.4165
1.0062,-0.2224,-1.0847,-0.0772,0.8321,-0.2417
-1.0556,-0.3237,-1.61,-0.8968,0.0393,-0.0189
0.8077,0.024,0.6251,1.6459,-0.2111,1.543
0.4649,-0.3151,0.1735,-0.402,-0.5292,-0.6916
-0.5202,-0.4511,-1.4915,-1.1024,-1.3072,-0.9238
-0.8111,-0.5384,-0.5062,0.8556,-0.3192,0.1696
0.8206,0.2153,1.3063,-0.9213,-1.0812,-1.2421
0.8446,1.1083,-0.0226,-0.1555,-0.7263,-0.4124
0.9984,1.8594,1.1866,-0.3072,-1.5099,-0.141
1.0909,-0.4383,0.5236,-0.0161,0.1859,0.1516
-2.568,-1.5121,-2.506,-0.9959,-0.9378,-1.0692
-0.8702,-0.5303,-0.0416,-0.3284,1.5385,1.2321
0.2333,-0.4262,-0.8389,-0.4624,-0.9869,-0.5924
-1.8513,-1.7697,-1.3781,-0.4819,-0.9778,-1.2954
-2.1973,-2.3271,-2.407,-0.8821,-0.2911,-1.1606
-0.5316,-1.3296,-1.0858,0.0304,-1.0228,-1.3204
0.9634,0.2447,-0.4927,0.9358,1.2448,0.8183
0.7473,-0.442,-0.5186,0.6782,1.2988,0.4974
0.7759,-1.2049,1.3529,-0.1533,-0.4558,-0.3414
-0.652,0.4966,-0.3367,-1.2599,-0.1635,-0.2621
0.5033,-0.047,-0.1725,-2.1324,-0.7066,-1.2783
0.3698,0.4438,0.5082,0.3823,1.0579,0.3194
0.132,0.7349,0.3263,0.1113,0.0803,-0.658
-0.1851,0.579,-0.3221,0.2911,1.0256,-0.4195
2.3178,2.9255,2.469,0.7228,0.1011,-0.7289
-2.7106,-1.944,-2.242,-0.1221,-0.9909,-0.2736
0.4698,0.4636,0.0111,0.7316,0.4356,-0.0073
-0.7276,-0.6225,0.4317,-0.2475,-0.6182,0.0175
1.263,0.9456,1.3316,0.7576,0.2189,-0.1182
-1.6521,-1.5598,-1.8154,-1.2992,-1.3376,-0.5933
-1.4792,-1.0454,-0.0611,-1.3266,-1.3941,-1.3566
-1.2163,-0.6019,-1.3509,-1.0328,0.0912,-0.4082
-0.7944,-0.9629,-1.5342,-0.2273,-0.8751,-0.947
-0.5805,1.0042,-0.6802,0.4423,-0.0772,1.566
-0.0984,-0.3388,-0.4102,-0.5343,-1.3168,-2.3397
-0.2471,-0.7476,-0.7293,0.219,0.5192,0.0149
-1.8616,-1.2995,-1.2205,-0.108,-0.3353,-0.3124
-1.4072,0.4846,0.1158,-0.4714,-0.1927,-0.4512
0.2138,0.1076,0.1448,-1.0283,-0.7149,-0.2833
-0.1869,0.9114,0.6897,-0.0549,0.7533,-0.6831
-0.5836,-1.1193,-0.506,-0.9784,-0.703,-1.0341
0.4641,0.1123,0.3268,0.9183,0.4519,0.9556
0.1621,0.5381,0.8989,0.0827,-0.3002,0.8783
-1.1893,-0.4891,-1.5933,-1.2881,-0.5404,-0.5247
-0.9564,1.1291,-0.8693,0.8435,1.6594,0.7931
-0.3857,0.2165,-0.7556,0.5515,1.3988,0.3399
-1.675,-1.5414,-1.308,-0.5942,-0.1652,0.3758
-1.2568,-0.4135,-0.0162,0.8635,-0.9392,-0.4235
0.6834,0.8601,-0.5666,0.2012,0.3571,-0.6652
2.3234,2.0848,1.7032,2.9265,1.4698,2.3266
-1.9868,-0.7557,-0.9126,0.46,1.0343,0.0714
0.816,0.1782,1.1946,-1.4963,-0.8172,-1.202
0.4097,1.6608,0.6701,0.606,0.072,-0.3805
-0.209,1.0241,0.7016,2.0696,2.0237,2.3252
0.4186,-0.8391,-0.1151,0.7693,1.2962,0.3715
0.4603,-0.8026,0.8572,1.1279,0.7016,0.854
-0.4772,-1.0952,-0.0261,-1.8075,-2.418,-1.5506
-0.0777,-0.6926,0.413,-0.1434,-0.7471,0.9094
-0.2222,1.6336,1.1321,-0.4785,-0.048,0.0241
0.2725,-0.124,0.0334,0.585,-0.3293,0.1392
-0.3172,0.4106,-0.2186,0.812,0.1035,0.3065
1.7166,-0.0232,-0.1072,1.1754,0.8937,0.4602
0.0707,-1.0652,-0.1059,-0.003,-0.0131,0.1126
-0.8113,-0.6422,-0.3307,-0.4714,-0.6325,-0.2817
0.9391,0.886,1.4807,-0.0577,0.6754,0.3074
0.1676,0.1374,-0.4494,-2.0526,-0.9444,-0.7495
0.3106,0.0781,0.7279,0.0796,0.6479,0.6877
-0.0785,-0.0933,0.195,1.5163,0.8977,0.9029
0.5774,-0.843,0.4497,0.4763,-0.1596,1.0598
0.4079,0.8936,0.4876,2.1081,0.5942,2.3681
-0.1704,-0.5498,-1.0725,-1.0638,-0.4668,-0.3925
-0.7044,-0.8485,-1.2725,-1.0937,-0.0284,-0.2118
-1.6341,-2.769,-0.5373,-1.7922,-1.2837,-2.407
0.3556,0.2701,-0.5815,1.1976,0.2184,1.4811
-0.3239,-0.2483,0.2596,1.7153,1.7657,1.1947
-0.5844,-0.065,-0.8285,-1.9835,-1.1871,-1.1441
-0.7856,0.4622,-0.4782,-0.3204,-0.3516,-0.1099
1.1571,0.0898,-0.1461,1.267,0.4395,0.7781
2.2946,0.075,0.7554,-0.3014,0.3617,0.4199
1.186,1.719,0.8634,0.6211,0.8798,0.9837
0.2108,-1.151,0.8111,-0.6077,-0.4256,0.2146
-0.5129,0.6436,0.5341,0.4191,-0.4268,-0.4956
0.8135,0.0914,0.4494,-0.705,0.4257,1.1469
-0.3028,-0.5216,-0.6643,-0.0214,-0.9728,-0.0423
0.1675,-2.0257,-0.1671,-1.7757,-0.5028,-0.1867
-1.5782,-0.7526,-0.8899,-2.0098,-2.1634,-1.1126
1.4642,0.4073,0.7712,0.8968,-0.2873,1.1516
-0.1673,0.1997,0.3011,-0.1591,1.0963,1.4083
-0.5503,0.5115,-0.5266,0.925,0.2902,-0.1102
-0.9191,-0.7375,-0.4594,1.2615,1.2018,0.442
1.7328,1.8884,1.4058,1.0128,0.5925,0.6685
1.876,1.7289,-0.2737,2.1095,1.3799,0.4195
0.0567,0.5274,1.5098,1.6535,1.2406,1.694
0.2463,-0.26,-0.1349,0.0178,-0.053,-0.3432
-1.4335,-0.5742,-1.346,-1.2783,-0.6309,-1.9114
0.2938,-1.2017,1.2595,1.7199,1.9121,2.8553
-0.1233,-0.0858,-0.0028,-0.173,0.0658,-0.3386
-0.285,-0.3887,0.8671,-1.9489,-1.8974,-1.091
-0.3264,0.4931,1.332,1.7764,0.9355,1.062
-0.6941,-0.5508,0.2916,0.6348,-0.861,-1.1875
1.482,0.6439,0.3259,-0.8325,-0.4128,-0.7065
-0.7127,-0.2722,1.4847,-1.301,-0.8918,0.2096
0.0068,-0.1257,0.3536,0.5524,0.4235,0.1217
-0.116,0.3135,-1.1986,-0.7829,-1.255,-1.6147
-0.577,-1.5228,-0.0566,-1.3855,-0.6014,-0.592
-0.6852,1.0578,0.9743,-1.1177,-0.1733,-1.2151
-0.4354,0.3549,-0.621,0.2341,-0.1017,-0.2701
0.1729,-1.4033,-0.2038,-0.1647,-0.2341,0.8612
-0.3694,-0.0099,-0.7079,-1.1212,-1.7885,-2.1211
2.3583,1.3319,0.1246,2.0687,3.0788,0.8957
-0.9592,-0.7845,-0.5964,-0.5659,-1.3486,-0.007
1.9896,0.6339,0.0442,-0.0803,0.0754,1.0178
0.2115,0.3626,-0.4427,2.2767,1.0905,1.8926
-2.8068,-2.1023,-1.6609,-1.5647,-2.3132,-2.4166
3.2936,1.4936,2.3751,1.2028,0.6604,1.293
-0.3149,-0.4933,0.5418,-0.6151,-1.0722,-0.1913
-0.9003,-0.8821,-0.0274,0.3276,-0.1598,-0.5846
0.7197,1.2913,0.6399,-0.4501,0.2716,-0.1266
-0.397,1.6435,0.8305,-0.69,-0.2901,-1.7867
-0.0667,-0.6276,-0.9944,-0.5026,-1.0272,-0.5724
-0.8188,-0.1558,0.0209,-0.9911,-0.2239,-0.38
-1.0295,-0.6399,-1.6728,-0.8401,-0.2306,0.3685
-0.4138,0.5395,-0.5436,-1.5633,-1.774,-0.6901
0.9753,-0.3513,0.3172,-0.5959,0.4834,0.3251
0.5406,1.612,0.3515,-0.4605,0.0159,0.1305
-0.388,0.5184,0.8667,-1.1813,-0.2945,-0.4885
0.0196,-0.1159,-1.0132,-0.271,-0.2665,-1.2315
-0.29,-0.8708,0.0382,1.3851,1.078,0.5373
-0.8354,-0.15,-0.442,-1.4051,-1.002,-1.87
1.0068,0.9928,-0.2035,0.8896,0.11,-0.0685
0.712,0.6825,0.2425,0.3081,1.0938,0.8325
0.7582,-0.1826,0.5304,0.3282,0.1308,0.0718
0.678,-0.047,0.2287,-0.4787,0.7639,1.2439
-0.3815,0.9495,-0.6612,-0.7822,0.3211,0.45
-1.9865,-2.0919,-0.2783,-1.1318,-2.3232,-1.5345
0.923,0.3743,0.89,1.153,0.5615,0.7812
1.8816,1.056,0.4137,0.0284,-1.0379,0.6833
-0.8102,0.2799,-0.4834,0.029,-0.8296,-0.8691
1.2973,0.6549,1.2017,0.7551,-0.2724,0.131
-0.3248,0.3245,-0.4815,-1.3075,-0.5542,-0.1679
0.0902,0.3339,-0.7621,-0.311,0.9519,1.4766
-0.4618,-1.1985,0.4354,0.9518,0.1954,1.6782
-0.5634,-1.1293,-0.7601,0.2743,0.9719,1.1361
-0.4446,-0.4603,0.7885,0.1562,-0.1416,-0.5117
-1.0281,-0.1766,1.0335,-0.1281,-0.6613,1.5073
-0.0626,-0.3681,-0.0992,1.0303,1.6453,1.1982
0.0314,-0.6354,-0.794,-1.2522,-2.8988,-1.0016
-0.1137,1.4686,0.2523,-0.2918,-0.627,0.3335
-0.8154,-0.3361,-0.402,0.6895,0.8106,1.5951
-0.6983,0.3723,0.0246,0.0727,-1.8334,-0.7314
-0.2408,0.1075,0.053,1.9028,2.3824,1.8886
0.0892,-0.265,0.0287,-0.3278,-0.8544,0.664
-0.7622,-0.8394,-0.6476,-1.7704,-1.2854,-0.6863
-0.603,0.2324,-1.5474,0.267,-0.2964,-1.067
-1.2744,-0.8418,-1.2895,0.0638,-0.3567,-0.7612
0.9324,0.007,1.0137,-0.6621,-0.5324,0.1821
0.4234,-0.4612,0.7534,-0.3529,-0.7587,0.2914
0.2411,0.8717,-0.1196,0.9565,0.546,-0.0255
-1.3152,-1.1012,0.7648,-0.6817,-0.4751,-0.7218
0.0328,0.0878,0.5156,-1.9686,-0.9631,-1.0787
0.3184,0.5424,-0.6449,0.8942,-0.2979,0.7649
-1.3228,-1.2108,-1.3786,-1.1359,-1.2095,-0.9017
-0.3008,0.6415,0.865,-0.4233,-1.1192,-0.9782
0.0079,0.5237,0.7727,1.2561,0.6608,0.4603
0.3328,0.2317,-0.0063,0.5521,0.2222,-2.0659
-0.4268,-2.073,-1.3223,-0.208,0.4672,0.1577
0.1184,0.6076,0.0676,-0.6612,0.7273,0.3934
-1.0413,-1.267,-1.6263,-0.8113,-0.017,-1.1877
1.8651,0.5871,1.771,-1.003,-1.0601,0.0889
-0.9064,-1.2227,-1.7704,0.2294,0.092,-0.1573
-1.0392,-0.5222,-1.7835,0.0375,0.5227,-0.769
-0.8121,-1.539,0.2241,0.1352,-0.0453,0.3764
-0.9985,-1.6775,-0.7732,-1.8724,-0.991,-2.1861
-1.8045,-1.4149,-1.4337,-0.9748,-2.2942,-0.8914
-0.6275,-0.5042,-0.6327,-0.2242,-0.2122,-0.2133
0.0565,0.1079,-0.6094,0.4134,0.467,0.648
-1.7472,-0.5447,-1.5969,-0.6553,0.1922,-1.0774
-0.5384,-0.3228,-1.2238,-0.256,-0.1387,0.5792
0.8091,0.6537,-0.3299,-0.9719,0.8222,-1.4115
-0.0139,-0.5562,0.3197,0.8266,1.0754,1.5685
0.8614,0.6455,0.4585,-0.5347,-0.9085,-1.4709
0.8801,1.038,1.2826,1.1901,0.2889,1.2207
-1.1177,-0.1735,0.4531,-0.0868,-0.2124,-0.0936
-0.9819,-0.3661,-0.5966,-2.3029,-0.5798,-0.9848
0.7961,-0.445,-0.0442,1.2191,1.9857,0.6665
-1.3994,-0.0005,-0.1152,-0.6934,-1.6564,-0.3457
-0.4739,-0.9169,-0.6389,-0.1413,0.3104,-0.6911
0.3802,-0.0795,0.1765,-0.304,-0.0046,-1.2442
-0.1022,-0.7585,-0.7499,-0.1995,-0.2602,0.26
-2.1543,-1.7123,-1.4399,-0.4744,-0.6046,-0.4934
0.6524,1.2772,0.0538,-1.3416,-1.1884,-1.7239
0.1494,0.2438,0.4472,-0.0506,1.012,0.6861
-0.7911,-0.7188,-0.5316,0.8133,-0.1629,-0.949
-0.91,-0.6961,-0.627,-0.9347,0.0959,0.3653
-0.2321,-0.9341,0.391,-1.2011,-0.497,-1.2282
1.3074,-0.2903,-0.8843,0.2734,0.9514,1.0626
-0.8447,0.1383,0.4659,1.635,1.6432,1.5627
-1.0139,-1.7822,-0.7988,-0.1738,-1.0404,-2.1522
0.2732,-1.1614,0.1494,-0.3748,0.7272,0.3263
0.3915,-0.049,-0.5947,-0.9412,0.3784,-0.8374
0.5483,-0.6042,-0.6005,1.8791,1.2073,0.9652
1.0179,0.584,1.2192,0.214,0.2205,0.9609
-0.142,1.4648,0.4953,0.2005,0.6233,0.7591
0.0646,0.6926,-0.32,0.1437,1.2323,1.5273
-2.9201,-1.7987,-1.8941,-2.3588,-0.8251,-2.3889
-1.464,-2.2992,-1.5604,0.7326,-0.0482,0.1545
0.8891,-0.0852,0.2683,0.7273,-0.296,-0.193
0.5341,0.9748,0.7811,-1.011,-1.1592,-0.1693
-1.5149,-0.8254,0.318,-0.4118,-1.3157,-0.0332
-0.8066,-0.5617,-2.2444,-0.2806,-0.3249,0.0824
1.9969,0.882,1.7394,0.8693,-0.547,-0.8024
-2.5555,-1.3075,-2.2708,-0.8085,-0.2131,-1.1064
-0.4658,-0.8374,-0.2068,-0.0889,0.7273,-1.7775
-1.0867,-0.7729,-0.4489,-0.3214,0.0618,-0.6196
-0.9003,-1.0332,-0.2645,0.2405,0.5641,-0.4777
-0.016,-0.0522,-0.3568,1.1437,1.1952,1.3316
1.3159,0.8199,0.6381,1.3334,1.5839,0.8414
0.3672,0.589,0.3755,0.9941,0.453,-0.0923
3.4634,2.1374,1.7697,1.7196,2.1421,3.1879
0.9303,1.3388,0.6786,1.2467,2.1156,0.5678
1.1166,1.4887,0.1967,0.2858,-0.059,0.7117
0.3565,-1.2038,0.6402,-1.1505,-0.595,-0.3997
2.035,0.6508,1.0347,1.047,0.4767,0.6899
1.5297,2.5927,1.554,0.5208,2.2454,2.8156
0.3848,-0.0315,0.6721,-2.0238,-1.5295,-0.4516
0.9171,0.1152,-0.0933,0.3331,0.284,1.3457
-0.706,-0.0654,-0.6516,-0.5552,-0.7007,-0.5646
0.309,0.6638,0.6296,-0.2112,-0.5676,0.0671
-1.1765,-1.6861,-0.8578,0.8437,-0.4374,1.1844
-0.3176,-0.1837,-1.1072,1.0969,2.05,1.2987
-0.412,-0.2748,-1.7882,-2.3759,-1.5925,-1.1887
-0.0783,0.731,1.2614,-1.5746,-1.5675,-1.5932
0.5525,0.3635,0.1398,-0.6389,-1.3129,-0.3073
-0.2616,-0.3053,-1.0266,-0.3975,1.7511,1.978
0.9194,-0.1022,-0.8395,-1.5745,-1.6749,-0.7349
